2;10
9;10
10;11
10;27
10;28
19;20
20;21
20;37
20;38
20;39
21;40
40;54
39;40
40;55
40;56
40;41
40;42
128;136
135;136
136;154
136;137
136;155
145;146
146;166
146;147
146;164
146;165
133;146
147;166
166;180
164;166
166;167
127;128
127;129
127;130
127;131
127;132
127;133
127;134
128;129
128;134
128;135
128;137
128;138
128;139
129;130
129;139
129;140
130;131
130;140
130;141
131;144
131;132
131;142
131;143
131;141
132;144
132;145
132;133
133;145
133;147
133;148
133;149
133;134
134;149
134;135
135;149
135;150
135;151
135;152
135;153
135;154
137;155
137;138
138;139
138;158
138;159
139;140
139;159
140;159
140;141
141;160
141;158
141;142
141;159
160;161
160;178
153;160
160;284
160;300
160;266
142;160
158;160
161;178
161;162
142;161
143;161
162;177
162;178
162;163
143;162
163;177
163;180
163;164
143;163
163;176
164;180
164;165
143;164
144;165
145;165
143;165
147;167
167;180
167;181
167;182
167;168
167;169
147;168
148;168
150;168
168;169
169;182
150;169
169;183
169;170
150;170
170;183
151;170
170;171
171;625
171;627
171;628
171;183
151;171
171;184
171;612
171;185
171;626
171;607
171;172
151;172
172;185
172;186
172;607
172;608
172;615
172;173
151;173
152;173
173;186
173;174
152;174
153;174
174;186
174;175
175;181
153;175
175;186
175;187
175;188
175;176
176;177
176;180
176;181
153;176
177;178
153;177
153;178
180;181
181;182
181;188
182;183
182;188
182;189
183;184
183;189
184;185
184;187
184;189
185;628
185;630
185;186
185;187
185;615
186;187
187;188
187;189
188;189
248;256
255;256
256;257
256;274
256;275
265;266
253;266
266;284
266;285
247;248
247;249
247;250
247;251
247;252
247;253
247;254
248;249
248;254
248;255
248;257
248;258
248;259
249;250
249;259
249;260
250;251
250;260
250;261
251;252
251;261
251;262
251;263
251;264
252;265
252;253
252;264
253;265
253;268
253;269
253;254
254;269
254;255
255;269
255;270
255;271
255;272
255;273
255;274
257;258
257;275
257;276
258;750
258;751
258;768
258;259
258;276
258;277
258;278
258;279
259;260
259;279
260;261
260;279
261;280
261;278
261;262
261;279
262;280
262;281
262;263
263;283
263;281
263;284
263;282
263;285
263;264
264;265
264;285
265;285
268;288
268;269
268;270
269;270
270;288
270;289
270;290
270;271
271;290
271;291
271;292
271;293
271;272
272;293
272;294
272;273
273;294
273;295
273;296
273;274
273;297
274;280
274;297
274;275
274;298
274;299
275;276
275;299
276;751
276;784
276;785
276;771
276;299
276;277
277;280
277;782
277;768
277;784
277;789
277;299
277;278
278;280
278;279
280;298
280;299
280;281
281;298
281;282
282;297
282;298
282;283
368;376
375;376
376;393
376;377
376;394
385;386
386;387
386;403
386;404
386;405
373;386
387;406
406;420
406;421
405;406
406;422
406;407
406;408
367;368
367;369
367;370
367;371
367;372
367;373
367;374
368;369
368;374
368;375
368;377
368;378
368;379
369;370
369;379
369;380
370;371
370;380
370;381
371;383
371;384
371;372
371;381
371;382
372;384
372;385
372;373
373;385
373;387
373;388
373;389
373;374
374;389
374;375
375;389
375;390
375;391
375;392
375;393
377;394
377;378
377;395
378;395
378;379
378;396
378;397
378;398
379;380
379;398
380;398
380;381
381;397
381;398
381;382
381;399
382;383
382;400
382;399
383;400
383;384
383;401
383;402
383;403
383;404
384;385
384;404
385;404
387;388
387;405
387;407
388;389
388;390
388;407
389;390
390;407
390;391
390;408
390;409
391;392
391;409
391;410
391;411
392;393
393;417
393;394
393;414
393;415
393;416
394;417
394;395
395;417
395;396
396;417
396;397
396;416
397;398
397;399
397;416
399;400
399;418
399;416
400;401
400;418
401;418
401;402
401;419
402;419
402;403
402;420
402;414
403;420
403;404
403;405
405;420
407;408
408;422
408;423
408;409
409;423
409;410
410;423
410;424
410;425
410;411
411;425
414;419
414;420
414;421
414;415
415;418
415;419
415;416
416;417
416;418
418;419
420;421
421;422
421;428
422;423
422;428
422;429
423;424
423;429
424;425
424;427
424;429
425;427
427;428
427;429
428;429
495;496
496;513
496;497
496;514
488;496
506;524
506;525
493;506
505;506
506;507
506;523
526;541
525;526
526;542
526;527
526;528
507;526
526;540
487;490
487;491
487;492
487;493
487;494
487;488
487;489
488;494
488;495
488;497
488;498
488;499
488;489
489;490
489;499
489;500
490;491
490;500
490;501
491;492
491;501
491;502
491;503
491;504
492;493
492;504
492;505
493;508
493;509
493;494
493;505
493;507
494;509
494;495
495;509
495;510
495;511
495;512
495;513
497;514
497;498
497;515
498;515
498;499
498;516
498;517
498;518
499;500
499;518
500;518
500;501
501;517
501;518
501;502
501;519
502;519
502;503
502;520
503;524
503;520
503;504
503;521
503;522
503;523
504;524
504;505
505;524
507;508
507;525
507;527
508;509
508;510
508;527
509;510
510;527
510;511
510;528
510;529
511;512
511;529
511;530
511;531
512;513
512;534
513;514
513;534
513;535
513;536
513;537
514;515
514;537
515;516
515;537
516;517
516;519
516;536
516;537
517;518
517;519
519;536
519;520
519;538
520;521
520;538
521;538
521;522
521;539
522;534
522;539
522;523
522;540
523;524
523;525
523;540
525;540
527;528
528;542
528;543
528;529
529;543
529;530
530;543
530;544
530;545
530;531
531;545
534;535
534;539
534;540
535;536
535;538
535;539
536;537
536;538
538;539
540;541
541;542
541;548
542;543
542;548
542;549
543;544
543;549
544;545
544;547
544;549
545;547
547;548
547;549
548;549
616;633
608;616
616;634
615;616
616;617
625;626
626;627
626;643
626;644
626;645
627;646
646;660
646;661
645;646
646;662
646;647
646;648
607;611
607;612
607;608
607;609
607;610
608;615
608;617
608;618
608;619
608;609
609;619
609;620
609;610
610;611
610;620
610;621
611;624
611;612
611;622
611;623
611;621
612;624
612;625
615;983
615;630
615;1001
615;631
615;1019
615;632
615;1003
615;1020
615;633
617;634
617;635
617;618
618;635
618;636
618;619
618;637
618;638
619;638
619;620
620;638
620;621
621;637
621;622
621;638
621;639
640;641
640;658
622;640
623;640
639;640
641;658
641;642
641;659
623;641
642;659
642;643
642;660
642;654
623;642
643;660
643;644
643;645
623;643
624;644
625;644
623;644
627;645
645;660
627;647
628;647
630;647
647;648
648;662
630;648
648;663
648;649
630;649
649;663
631;649
649;650
650;663
631;650
650;664
650;665
650;651
631;651
651;665
651;666
651;652
631;652
632;652
652;666
652;653
632;653
633;653
653;666
653;667
653;668
653;654
654;659
654;660
654;661
633;654
654;668
654;655
655;658
655;659
633;655
655;656
656;657
656;658
633;656
636;656
639;656
633;657
634;657
635;657
636;657
658;659
639;658
660;661
661;662
661;668
662;663
662;668
662;669
663;664
663;669
664;665
664;667
664;669
665;666
665;667
666;667
667;668
667;669
668;669
735;736
736;753
736;737
736;754
728;736
746;747
746;763
746;764
746;765
733;746
745;746
747;766
766;780
766;781
765;766
766;782
766;767
766;768
727;729
727;730
727;731
727;732
727;733
727;734
727;728
728;729
728;734
728;735
728;737
728;738
728;739
729;730
729;739
729;740
730;731
730;740
730;741
731;732
731;741
731;742
731;743
731;744
732;733
732;744
732;745
733;747
733;748
733;749
733;734
733;745
734;749
734;735
735;749
735;750
735;751
735;752
735;753
737;754
737;738
737;755
738;755
738;739
738;756
738;757
738;758
739;740
739;758
740;758
740;741
741;757
741;758
741;742
741;759
742;759
742;743
742;760
743;763
743;764
743;760
743;744
743;761
743;762
744;764
744;745
745;764
747;748
747;765
747;767
748;749
748;750
748;767
749;750
750;767
750;751
750;768
751;752
751;771
751;772
752;753
752;772
752;773
753;754
753;773
753;774
753;775
753;776
754;755
754;776
755;756
755;776
756;757
756;775
756;759
756;776
757;758
757;759
759;775
759;760
760;775
760;777
760;761
761;777
761;778
761;762
762;763
762;780
762;778
762;779
763;780
763;764
763;765
765;780
767;768
768;782
771;785
771;786
771;772
772;786
772;773
772;779
773;774
773;779
774;775
774;777
774;778
774;779
775;776
775;777
777;778
778;779
779;780
779;781
779;786
779;787
779;788
780;781
781;782
781;788
782;788
782;789
784;785
784;787
784;789
785;786
785;787
786;787
787;788
787;789
788;789
856;873
856;857
856;874
848;856
853;866
865;866
866;867
866;883
866;884
866;885
886;888
867;886
886;900
886;901
885;886
886;902
886;887
847;853
847;854
847;848
847;849
847;850
847;851
847;852
848;854
848;857
848;858
848;859
848;849
849;859
849;860
849;850
850;860
850;861
850;851
851;861
851;862
851;863
851;864
851;852
852;853
852;864
852;865
853;854
853;865
853;867
853;868
853;869
854;869
857;874
857;858
857;875
858;875
858;859
858;876
858;877
858;878
859;860
859;878
860;878
860;861
861;877
861;878
861;862
861;879
862;879
862;863
862;880
863;880
863;864
863;881
863;882
863;883
863;884
864;865
864;884
865;884
867;868
867;885
867;887
868;869
868;887
872;873
872;892
872;893
873;874
873;893
873;894
873;895
873;896
873;897
874;875
874;897
875;876
875;897
876;877
876;879
876;897
877;878
877;879
879;896
879;880
879;897
880;896
880;881
880;898
881;898
881;882
881;899
882;894
882;899
882;883
882;900
883;900
883;884
883;885
885;900
887;888
888;889
888;902
888;903
889;890
889;903
890;904
890;905
890;891
890;903
891;905
891;906
891;892
892;906
892;893
893;906
893;907
893;908
893;894
893;900
893;901
894;895
894;899
894;900
895;896
895;898
895;899
896;897
896;898
898;899
900;901
901;908
901;902
902;908
902;909
902;903
903;904
903;909
904;905
904;907
904;909
905;906
905;907
906;907
907;908
907;909
908;909
968;976
975;976
976;993
976;977
976;994
985;986
986;987
986;1003
986;1004
986;1005
973;986
987;1006
1006;1020
1006;1021
1005;1006
1006;1022
1006;1007
1006;1008
967;968
967;969
967;970
967;971
967;972
967;973
967;974
968;978
968;979
968;969
968;974
968;975
968;977
969;979
969;980
969;970
970;980
970;981
970;971
971;981
971;982
971;983
971;984
971;972
972;984
972;985
972;973
973;985
973;987
973;988
973;989
973;974
974;989
974;975
975;989
975;990
975;991
975;992
975;993
977;978
977;995
977;994
978;995
978;979
978;996
978;997
978;998
979;980
979;998
980;998
980;981
981;997
981;998
981;982
981;999
982;999
982;983
982;1000
983;1000
983;984
983;1001
983;1003
983;1004
984;985
984;1004
985;1004
987;988
987;1005
987;1007
988;989
988;990
988;1007
989;990
990;1007
990;991
990;1008
990;1009
991;1012
991;992
991;1009
991;1010
991;1011
992;1012
630;992
992;993
993;1014
993;1015
993;1016
630;993
993;994
994;995
994;1016
995;996
995;1016
996;997
996;999
996;1016
997;998
997;999
999;1015
999;1016
999;1000
1000;1015
1000;1017
1000;1001
1001;1017
631;1001
1003;1020
1003;1004
1003;1005
1005;1020
1007;1008
1008;1022
1008;1023
1008;1009
1009;1023
1009;1010
1010;1023
1010;1024
1010;1025
1010;1011
1011;1012
1011;1025
1011;1026
630;1012
1012;1026
1014;1015
1014;1017
630;1014
631;1014
1015;1016
1015;1017
631;1017
1019;1028
630;1019
1019;1020
1019;1021
1019;1027
1020;1021
1021;1028
1021;1022
1022;1028
1022;1029
1022;1023
1023;1029
1023;1024
1024;1029
1024;1025
1024;1027
1025;1026
1025;1027
630;1026
1026;1027
1027;1028
1027;1029
630;1027
1028;1029
1;2
1;3
1;4
1;5
1;6
1;7
1;8
2;3
2;8
2;9
2;11
2;12
2;13
3;4
3;13
3;14
4;5
4;391
4;392
4;411
4;14
4;15
5;16
5;17
5;18
5;6
5;15
6;18
6;19
6;7
7;19
7;21
7;22
7;23
7;8
7;20
8;23
8;9
9;23
9;24
9;25
9;26
9;27
11;12
11;28
11;29
12;32
12;13
12;29
12;30
12;31
13;32
13;14
14;32
14;425
14;411
14;427
14;15
15;16
15;32
15;33
15;511
15;421
15;512
15;531
15;392
15;393
15;427
15;428
15;414
15;31
16;17
16;33
16;34
17;18
17;34
17;35
17;36
17;37
17;38
18;19
18;38
19;38
21;22
21;39
21;41
22;23
22;24
22;41
23;24
24;25
24;41
24;42
24;43
24;155
24;137
24;138
25;26
25;43
25;44
25;45
25;46
26;27
26;46
26;47
27;48
27;33
27;49
27;50
27;51
27;28
27;47
28;51
28;29
29;51
29;30
30;33
30;51
30;31
31;32
31;541
31;33
31;512
31;547
31;548
31;534
31;540
32;545
32;531
32;547
33;34
33;50
33;51
33;52
34;35
34;52
35;36
35;52
35;53
36;49
36;37
36;53
36;54
37;38
37;54
37;39
39;54
41;42
42;160
42;56
42;153
42;57
42;154
42;43
42;155
43;160
43;288
43;268
43;253
43;57
43;44
43;138
43;266
43;158
44;57
44;58
44;59
44;45
45;59
45;60
45;46
46;60
46;47
47;48
47;60
48;49
48;60
48;61
48;62
49;50
49;53
49;54
49;55
49;62
50;52
50;53
52;53
54;55
55;56
55;62
56;57
56;62
56;63
57;58
57;63
58;59
58;61
58;63
59;854
59;872
59;873
59;856
59;848
59;60
59;61
59;869
60;872
60;889
60;890
60;891
60;892
60;61
61;888
61;889
61;868
61;62
61;869
61;63
61;887
62;63
142;143
143;144
144;145
147;148
148;149
148;150
149;150
150;151
151;152
152;153
153;154
154;155
158;288
158;289
158;300
158;301
158;302
158;159
283;296
283;297
283;284
283;300
284;300
284;285
288;289
289;290
289;302
289;303
290;291
290;303
291;304
291;305
291;292
291;303
292;305
292;306
292;293
293;306
293;294
294;306
294;295
295;306
295;307
295;308
295;296
295;301
296;297
296;300
296;301
297;298
300;301
301;308
301;302
302;308
302;309
302;303
303;304
303;309
304;305
304;307
304;309
305;306
305;307
306;307
307;308
307;309
308;309
622;623
622;639
623;624
624;625
627;628
628;630
630;631
631;632
632;633
633;634
634;635
635;636
636;637
636;639
637;638
637;639
