2;828 722
10;816 735
9;812 794
11;842 669
27;778 771
28;811 715
19;782 734
20;771 743
21;773 762
37;753 731
38;763 725
39;753 750
40;753 771
54;738 748
55;731 760
56;739 784
41;774 784
42;764 796
128;907 821
136;912 837
135;887 840
154;906 854
137;929 830
155;927 847
127;894 797
129;919 807
130;910 821
2549;901 759
131;895 843
2550;911 767
132;880 809
2551;901 766
133;852 803
2552;875 775
134;880 816
2528;889 772
2535;908 770
138;931 834
139;932 818
140;930 822
141;919 844
144;874 849
142;905 868
143;890 894
145;849 820
2554;872 789
2555;882 779
2538;896 779
147;810 823
148;843 826
149;865 826
2574;862 778
150;860 845
151;878 863
152;897 860
153;889 867
156;941 846
157;937 857
158;934 851
159;943 832
160;918 868
161;916 887
178;904 885
179;919 862
162;905 907
177;882 887
728;950 931
163;858 883
739;920 923
740;890 908
180;814 859
731;907 893
741;900 903
176;855 870
165;842 848
167;807 847
181;837 863
182;833 869
168;832 841
169;839 855
183;852 875
170;860 862
171;872 880
184;864 896
185;880 901
172;891 880
186;877 890
173;897 876
174;881 875
175;864 873
187;860 898
188;849 882
189;848 892
255;633 835
256;662 846
273;624 851
257;689 849
274;657 849
248;704 848
253;622 855
266;589 864
283;569 878
284;581 885
285;566 857
265;602 871
267;583 846
286;548 836
288;540 814
300;549 860
301;528 841
302;515 819
287;565 830
247;669 864
250;688 866
251;638 884
252;628 873
254;655 847
249;726 860
258;727 854
261;686 867
262;627 897
263;579 912
264;593 887
268;593 842
269;616 838
270;583 823
271;577 818
272;599 835
275;687 852
276;682 861
277;694 862
279;640 891
280;582 924
282;556 886
3739;562 927
611;551 949
3758;564 914
3741;565 900
3759;570 895
3729;548 912
281;551 920
637;546 933
610;546 944
638;547 937
620;551 941
3743;561 886
3762;548 890
289;544 807
290;528 804
291;547 813
292;569 829
293;579 850
294;604 869
295;644 872
296;655 855
297;600 897
640;537 947
623;529 962
298;571 881
636;519 945
656;502 956
299;543 851
368;880 584
376;883 599
375;865 616
393;884 586
377;896 586
394;904 594
385;878 516
386;893 507
387;884 537
403;914 465
404;893 488
405;901 504
373;875 546
406;894 536
420;916 485
421;900 528
422;884 564
407;877 569
408;875 582
367;882 554
369;870 560
370;876 538
371;893 524
372;874 528
374;871 579
378;901 573
379;889 566
380;888 550
381;900 539
384;886 507
382;909 521
383;910 497
388;869 571
389;866 584
390;860 611
392;861 629
395;915 585
396;920 573
397;914 559
398;898 557
399;913 543
400;914 521
401;923 509
402;936 483
409;859 624
413;871 605
414;900 543
415;902 553
416;900 563
417;901 580
418;912 536
419;918 520
1246;967 472
1226;958 482
511;955 431
545;944 453
530;969 437
1213;963 461
1245;960 491
547;937 433
533;906 438
539;923 413
423;868 601
410;851 638
424;864 612
425;851 630
426;854 632
427;875 591
428;888 561
512;925 436
429;876 586
495;937 392
496;915 388
513;906 406
497;896 374
514;897 388
488;911 366
506;919 302
525;935 335
493;922 317
2091;913 265
2092;904 265
2094;906 282
505;897 292
507;949 313
523;917 342
524;904 320
2104;911 273
526;960 351
542;969 378
527;976 323
528;1000 350
540;932 371
541;946 384
487;907 339
491;886 328
492;901 314
494;927 355
489;893 348
490;883 332
498;883 357
499;888 352
500;877 335
501;859 318
502;874 341
503;897 348
504;895 320
509;943 354
2080;902 286
2081;898 289
508;957 331
510;976 371
515;885 373
516;870 362
517;859 338
518;869 342
2671;838 314
2673;842 300
519;853 346
2694;845 322
2656;832 285
520;876 359
521;891 374
522;912 377
2097;898 269
2082;879 271
2084;878 267
2085;887 257
3967;951 274
3970;958 299
3972;963 288
4002;974 313
3981;967 302
1101;1010 359
1102;1012 368
1136;1008 341
529;999 389
1116;1000 354
1117;1002 359
1229;978 449
1230;986 451
534;887 405
535;879 379
536;886 385
2705;839 327
2706;849 314
2707;839 320
2690;826 322
2691;830 326
537;875 377
538;898 402
3984;977 289
4001;983 301
4003;985 280
543;979 396
1137;1025 351
1113;1037 311
1134;1037 320
1103;1041 357
1121;1035 354
1248;983 464
544;959 424
548;948 405
549;959 408
608;489 976
616;468 987
633;451 989
615;444 1002
634;471 971
617;493 973
625;514 989
626;492 1003
627;471 1019
643;489 990
644;511 983
645;469 1014
613;492 997
646;446 1039
660;448 1011
661;426 1037
662;421 1071
647;452 1037
648;434 1061
607;515 970
612;523 976
614;480 990
609;523 960
618;517 955
619;522 956
624;536 974
628;464 1017
629;463 1009
630;434 1027
631;396 1025
632;413 1010
635;497 960
641;507 969
658;503 967
642;484 986
659;478 982
654;446 999
1699;451 1077
1717;426 1091
1718;436 1083
663;405 1069
1688;451 1095
649;410 1045
1697;429 1081
650;377 1047
664;373 1061
665;342 1051
651;343 1041
1457;295 1061
1459;321 1033
666;331 1066
1477;323 1042
1478;325 1038
652;372 1035
1448;301 1033
653;400 1026
667;370 1048
668;401 1048
655;475 977
657;484 966
1735;417 1096
1719;414 1118
669;394 1061
1714;420 1095
1495;312 1054
1479;302 1046
1840;295 1087
1824;298 1093
1841;297 1077
1844;299 1083
1811;279 1110
1474;292 1070
1822;291 1099
736;969 938
735;988 940
753;987 931
737;950 952
754;970 949
745;948 908
746;969 909
747;980 911
763;981 889
764;962 896
765;994 899
733;943 919
766;1012 899
780;1009 890
781;1030 886
782;1038 896
767;1002 915
768;1025 909
734;968 958
968;998 955
738;932 939
969;973 954
970;979 949
971;993 948
974;992 957
732;921 904
742;929 903
743;952 894
744;935 900
748;976 922
749;972 932
986;1009 974
1581;982 1001
1599;998 1007
985;996 961
987;1020 990
988;1018 1000
989;1011 980
1571;994 1000
750;1003 926
751;1021 931
752;1009 932
984;1011 954
755;949 946
756;945 927
757;924 918
758;910 926
759;934 913
760;955 911
762;991 893
761;975 899
769;1030 918
770;1046 917
771;1043 921
772;1026 917
773;1011 912
774;991 921
775;963 921
776;965 932
777;980 916
778;998 904
779;1023 893
783;1049 903
784;1068 905
785;1060 907
786;1037 903
787;1047 897
788;1044 883
789;1061 892
853;674 729
866;649 716
865;654 708
867;653 733
883;632 702
884;634 697
885;633 721
886;639 738
887;660 752
888;656 755
900;629 716
901;621 730
902;631 747
847;687 718
852;665 707
854;702 742
848;717 730
849;699 710
850;678 700
851;664 698
857;729 716
858;709 705
859;704 707
860;685 695
861;673 680
862;656 682
863;645 690
864;645 696
868;673 747
869;696 752
874;727 724
875;716 708
876;695 700
877;691 686
878;695 689
879;675 693
880;666 696
881;653 699
882;651 713
870;687 762
871;692 763
889;668 764
872;701 751
890;661 759
891;668 756
892;680 752
893;677 733
896;710 715
895;691 712
897;674 707
898;667 716
899;645 726
903;642 759
904;636 750
905;644 749
906;658 743
907;646 734
894;690 725
908;627 727
909;624 744
976;1033 964
977;1024 970
994;1047 973
975;1035 977
993;1062 975
1003;1041 977
1004;1022 967
1005;1041 990
1006;1067 1008
1020;1065 992
1021;1088 1005
1022;1108 1021
1007;1054 1012
1008;1095 1031
978;1017 971
979;992 972
980;984 971
981;1006 963
982;1023 955
983;1032 957
990;1055 1003
991;1074 998
992;1067 986
995;1034 987
996;1039 981
997;1022 981
998;1002 984
999;1035 969
1000;1050 955
1001;1061 953
1002;1061 970
1616;1023 1015
1601;1037 1013
1584;1015 1019
1602;1044 1038
1603;1045 1029
1604;1037 1023
1009;1095 1016
1011;1100 998
1012;1091 990
1010;1107 1013
1013;1091 983
1014;1080 970
1015;1057 971
1016;1054 987
1017;1072 959
1018;1083 963
1019;1083 986
1936;1116 1061
1950;1129 1045
1952;1122 1054
1935;1123 1058
1970;1121 1038
1023;1132 1033
1024;1130 1011
1025;1123 997
1026;1111 983
1027;1115 995
1028;1102 1002
1981;1133 1036
1029;1121 1015
1980;1141 1026
1967;1153 1050
1966;1176 1056
1979;1163 1043
1088;1048 314
1096;1045 303
1095;1067 285
1097;1032 319
1114;1027 322
1105;1077 335
1106;1086 321
1107;1102 296
1123;1074 329
1124;1066 343
1125;1099 305
1093;1081 312
1126;1123 277
1140;1096 302
1141;1120 275
1142;1152 242
1127;1114 274
1128;1128 249
1087;1058 329
1089;1051 339
1090;1037 345
1091;1039 351
1092;1065 336
1094;1067 305
1098;1022 335
1099;1037 333
1100;1032 350
1104;1059 349
1108;1099 288
1109;1084 288
1110;1099 265
1111;1088 250
1112;1063 278
1115;1017 336
1118;1019 350
1122;1065 328
1129;1117 236
1130;1108 211
1131;1094 229
1132;1079 257
1133;1072 281
1138;1055 320
1139;1088 296
1143;1149 216
2428;1112 184
2444;1102 190
2413;1094 171
1144;1124 203
2426;1089 185
1145;1106 204
1146;1088 242
1147;1103 240
1148;1112 263
1328;1173 235
1335;1192 228
1353;1193 199
1149;1138 233
1377;1186 192
1355;1161 210
2447;1125 165
2460;1129 167
2457;1101 176
2458;1108 178
2459;1119 175
1338;1165 219
1208;1019 458
1216;1033 468
1215;1007 463
1233;1032 482
1217;1044 464
1234;1049 480
1225;971 476
1243;979 495
1244;977 483
1260;984 491
1261;995 490
1262;991 485
1207;993 454
1209;1015 443
1210;1016 451
1211;1007 467
1212;980 467
1214;990 461
1218;1045 459
1219;1038 446
1220;1033 442
1221;1033 460
1222;1024 476
1223;1002 485
1224;987 477
1231;1014 470
1232;1023 480
1235;1064 471
1236;1064 465
1237;1055 456
1238;1048 445
1239;1044 472
1240;1028 486
1241;1021 495
1242;1000 503
1249;1000 472
1250;1023 486
1251;1038 488
1252;1033 487
1253;1023 500
1254;1012 493
1255;1035 502
1256;1050 490
1257;1058 483
1258;1041 496
1259;1022 511
1345;1237 214
1346;1244 207
1347;1243 222
1363;1258 187
1364;1250 194
1365;1261 206
1333;1224 226
1366;1258 213
1380;1249 188
1381;1265 196
1382;1274 218
1367;1249 235
1368;1252 227
1327;1203 226
1329;1194 230
1330;1210 218
1331;1220 204
1332;1223 217
1334;1201 234
1339;1183 228
1340;1201 220
1341;1203 200
1343;1237 185
1344;1236 199
1342;1218 185
1348;1232 231
1349;1214 234
1350;1225 233
1351;1222 223
1352;1215 207
1356;1179 199
1357;1185 201
1358;1185 213
1359;1205 185
1360;1232 172
1361;1250 169
1362;1247 178
1369;1244 228
1370;1250 221
1371;1241 215
1372;1235 207
1373;1244 195
1374;1224 183
1375;1233 158
1376;1228 170
1378;1255 154
1379;1239 166
1383;1269 225
1384;1275 212
1385;1264 213
1386;1253 199
1387;1270 192
1388;1272 197
3265;1262 122
3268;1254 144
3285;1263 135
3287;1252 134
3289;1267 156
3269;1262 146
3301;1283 135
3303;1280 147
1389;1287 207
1455;266 1026
1456;286 1046
1473;280 1045
1466;233 1012
1484;240 1028
1485;219 1024
1453;254 1010
1465;248 1006
1467;228 1007
1483;232 1032
1486;206 1014
1501;193 1031
1502;190 1011
1487;220 994
1488;210 999
1500;214 1032
1447;281 1015
1450;290 1032
1451;275 1029
1452;265 1008
1454;276 1017
1449;302 1018
1460;309 1034
1461;301 1038
1462;281 1039
1463;255 1036
1464;255 1022
1468;241 997
1469;257 1003
1470;238 1008
1471;235 1019
1472;253 1034
1857;264 1080
1858;250 1073
1859;264 1072
1480;275 1043
1481;254 1049
1482;233 1043
1489;218 1002
1490;206 1010
1491;213 1021
1492;231 1030
1493;251 1038
1494;265 1041
1845;264 1084
1826;271 1092
1496;274 1049
1497;248 1044
1498;230 1035
1499;212 1043
1503;193 999
1504;182 1012
1505;192 1018
1506;211 1028
1507;201 1025
1508;203 1029
1509;182 1020
1575;1026 1076
1576;1021 1070
1593;1017 1046
1577;1004 1073
1594;1014 1060
1568;1014 1056
1585;1030 1040
1586;1049 1048
1587;1051 1071
1605;1058 1056
1573;1031 1056
1606;1065 1080
1620;1062 1054
1621;1072 1077
1622;1077 1100
1607;1060 1090
1608;1064 1105
1567;1012 1034
1574;1024 1059
1569;1002 1042
1570;999 1020
1572;1013 1029
1578;1000 1049
1579;995 1052
1580;993 1029
1588;1046 1078
1589;1036 1078
1592;1035 1071
1590;1045 1095
1591;1039 1099
1595;1003 1058
1596;1000 1035
1597;995 1025
1598;988 1030
1609;1051 1116
1610;1054 1123
1611;1057 1107
1612;1050 1084
1613;1039 1058
1614;1020 1033
1615;1006 1037
1617;1038 1036
1618;1059 1071
1619;1065 1063
1623;1071 1122
1625;1069 1117
1624;1076 1125
1626;1065 1097
1627;1071 1100
1628;1072 1089
1629;1082 1110
1696;439 1106
1695;456 1128
1713;431 1122
1705;480 1152
1706;483 1162
1707;490 1165
1723;468 1166
1724;469 1157
1725;487 1177
1693;481 1139
1726;493 1188
1740;471 1181
1741;476 1202
1742;486 1205
1727;493 1172
1728;480 1180
1687;468 1115
1689;466 1095
1690;453 1111
1691;452 1128
1692;473 1132
1694;471 1118
1700;445 1095
1701;433 1109
1702;435 1128
1703;450 1148
1704;466 1145
1708;491 1154
1709;474 1139
1710;474 1155
1711;462 1157
1712;446 1142
1720;428 1137
1721;435 1152
1722;452 1167
1729;473 1173
1730;467 1185
1731;462 1176
1732;455 1162
1733;441 1153
1734;418 1140
3058;409 1143
1736;414 1144
3017;399 1157
3035;400 1136
3037;416 1155
1737;431 1155
1738;453 1181
1739;462 1190
1743;480 1197
1744;468 1210
1745;459 1197
1746;447 1180
3068;401 1159
3055;399 1149
3069;405 1158
1747;455 1204
1748;463 1205
1749;473 1219
1808;210 1140
1816;196 1126
1815;182 1121
1833;217 1111
1817;203 1143
1834;211 1128
1825;275 1102
1827;242 1098
1813;243 1113
1846;236 1087
1860;239 1079
1861;215 1088
1847;217 1100
1848;206 1096
1807;241 1134
1809;211 1167
1810;234 1151
1812;267 1114
1814;216 1125
1818;226 1141
1819;219 1155
3521;205 1183
3489;184 1198
1820;225 1166
3499;192 1184
3518;208 1173
3501;197 1189
3522;198 1183
3539;202 1175
1821;256 1133
1828;221 1110
1829;210 1117
2810;153 1111
2829;154 1124
1830;191 1108
1831;160 1105
1832;183 1101
2822;148 1127
1835;222 1136
1836;240 1128
1837;244 1132
1838;234 1149
3503;200 1195
1839;258 1109
1849;181 1107
2825;156 1095
2826;141 1097
2827;134 1099
1850;176 1088
1851;184 1088
2818;122 1110
1852;191 1094
2819;132 1119
2811;150 1098
1853;223 1090
1854;245 1100
1855;235 1123
1856;274 1094
1862;194 1097
1863;193 1080
1864;198 1082
1865;213 1080
1866;219 1077
1867;238 1075
1868;220 1080
1869;205 1082
1937;1131 1081
1928;1136 1087
1946;1192 1080
1964;1204 1092
1965;1198 1072
1933;1166 1076
1945;1186 1087
1947;1175 1065
1963;1216 1091
1977;1217 1079
1978;1193 1060
1927;1158 1096
1930;1163 1117
1931;1177 1115
1932;1173 1096
1934;1146 1076
1929;1149 1110
1938;1141 1106
1939;1144 1112
1940;1154 1130
1941;1170 1131
1942;1188 1125
1943;1204 1112
1944;1191 1106
1948;1153 1059
1949;1145 1061
1953;1143 1070
1954;1147 1090
1955;1144 1102
1956;1154 1115
1957;1157 1120
1958;1149 1128
1959;1171 1110
1960;1186 1113
1961;1201 1098
1962;1222 1098
1971;1141 1052
1972;1156 1067
1973;1161 1088
1974;1156 1106
1975;1182 1091
1976;1202 1081
3633;1242 1114
3634;1242 1109
3655;1222 1116
3661;1237 1076
3665;1234 1097
3666;1231 1103
3667;1225 1114
3669;1237 1093
1982;1152 1044
1983;1163 1061
1984;1173 1076
1985;1184 1067
3644;1245 1090
3645;1250 1081
3658;1241 1101
1986;1186 1042
1987;1167 1026
1988;1156 1030
1989;1173 1045
2055;876 173
2056;894 187
2057;890 212
2048;874 189
2070;888 190
2071;901 211
2065;853 229
2066;866 245
2067;870 239
2083;861 253
2053;860 217
2086;876 231
2099;885 230
2068;864 216
2087;875 209
2047;855 201
2054;857 188
2049;856 179
2050;861 203
2051;866 227
2052;849 216
2058;881 199
2059;871 175
2060;865 192
2061;872 220
2062;881 241
2063;881 259
2064;861 237
2069;867 194
2072;904 239
2073;898 236
2074;894 217
2075;883 225
2076;880 221
2077;871 198
2078;890 248
2079;896 263
2089;906 203
2088;891 206
2090;909 232
2093;897 239
2098;897 244
2100;900 223
2101;910 210
2102;918 230
2103;916 250
2106;904 252
2107;905 231
2108;911 221
2109;910 246
2168;406 753
2176;435 766
2190;454 781
2191;464 777
2175;424 766
2177;431 759
2185;357 771
2186;361 785
2202;365 785
2187;384 791
2203;344 777
2204;376 794
2173;384 772
2206;407 796
2219;429 798
2188;403 783
2205;401 800
2207;431 787
2167;379 750
2169;381 742
2170;359 737
2171;355 744
2172;361 757
2174;400 761
2179;387 739
2178;405 743
2180;367 726
2181;372 738
2182;368 745
2183;363 764
2184;343 759
2189;417 774
2192;451 771
2193;427 754
2194;417 740
2196;384 732
2197;386 726
2195;399 730
2198;394 748
2199;381 754
2200;387 766
2201;382 779
2208;462 796
2211;450 776
2212;423 761
2213;410 748
2214;405 761
2215;409 780
2216;390 791
2217;398 805
2218;419 807
2220;447 809
2223;443 787
2224;426 771
2225;415 793
2226;413 808
2227;429 811
2228;452 813
2222;459 800
2229;433 802
2288;768 892
2296;755 875
2310;753 879
2311;754 854
2295;761 895
2297;756 850
2305;738 882
2306;737 871
2322;738 842
2307;741 878
2323;738 860
2324;740 854
2293;753 893
2326;746 882
2340;767 874
2308;737 897
2325;754 859
2327;759 890
2287;779 902
2899;777 919
2289;790 900
2901;797 920
2290;789 879
2291;775 868
2292;763 886
2294;762 910
2889;789 934
2917;767 930
2918;765 924
2941;782 918
2298;772 857
2299;783 880
2921;790 923
2300;797 874
2301;787 849
2303;757 843
2304;752 868
2302;779 839
2309;744 901
2314;759 827
2315;774 828
2316;786 837
2317;791 860
2318;783 812
2319;767 821
2320;757 815
2321;750 820
2328;777 878
2329;767 861
2330;773 835
2333;768 801
2334;773 797
2335;761 794
2337;759 835
2336;772 808
2338;766 836
2339;776 853
2341;790 866
2342;783 855
2343;793 838
2344;788 818
2331;771 806
2345;789 796
2346;792 822
2347;783 832
2348;790 844
2349;800 847
2416;1099 117
2430;1116 137
2431;1107 112
2415;1099 135
2417;1090 94
2408;1083 115
2425;1079 163
2442;1088 165
2443;1073 160
2407;1080 138
2410;1067 115
2411;1066 126
2412;1079 148
2414;1092 143
2409;1072 113
2418;1079 87
2419;1076 94
2420;1059 94
2421;1057 101
2422;1061 116
2423;1073 138
2424;1067 143
2429;1109 157
2432;1105 89
2433;1091 73
2434;1085 71
2435;1068 69
2436;1057 79
2437;1064 77
2438;1070 93
2439;1073 118
2440;1082 132
2441;1088 152
2448;1137 129
2449;1125 118
2450;1118 107
2451;1100 100
2452;1087 86
2453;1077 72
2454;1081 107
2455;1089 126
2456;1099 150
2461;1133 146
2462;1130 126
3154;1152 95
3156;1138 135
3136;1147 102
3178;1139 97
3162;1145 116
2463;1119 127
2464;1103 125
2465;1089 106
2466;1114 143
2467;1115 161
2468;1124 156
3138;1139 139
3139;1144 142
3158;1150 151
2469;1127 142
3159;1148 134
2545;859 690
2546;882 706
2566;893 730
2547;902 730
2564;860 684
2565;879 709
2533;885 718
2567;901 737
2527;883 736
2531;866 708
2532;885 708
2534;900 746
2529;901 752
2530;887 729
2539;896 748
2540;878 729
2542;837 677
2543;864 689
2541;858 706
2544;876 691
2548;907 742
2556;890 755
2557;879 750
2558;867 729
2559;854 703
2560;843 690
2561;826 662
2579;859 717
2580;852 697
2562;827 660
3381;812 645
2581;857 682
3403;800 637
3405;794 626
2563;856 673
3398;786 637
3400;807 654
2582;888 694
2583;904 718
2568;914 746
2584;921 725
2569;917 744
2585;900 722
2570;897 742
2586;876 723
2571;885 750
2572;872 746
2587;864 724
2573;865 749
2578;875 747
2575;871 767
2576;886 768
2577;875 755
2588;878 702
2589;906 705
2655;819 290
2657;816 254
2674;827 278
2675;813 263
2676;818 259
2648;809 266
2666;766 265
2667;783 278
2652;771 247
2688;775 278
2653;785 266
2665;779 264
2685;795 261
2686;796 281
2702;813 293
2687;791 286
2703;808 300
2698;808 274
2647;791 255
2649;798 239
2650;786 233
2651;774 235
2654;802 282
2658;805 233
2659;797 216
2660;781 220
2661;788 216
2662;768 220
2663;762 225
2664;763 244
2668;793 292
2669;811 306
2670;817 305
2677;806 242
2678;797 224
2679;787 204
2680;774 209
2681;761 214
2682;769 204
2683;780 231
2684;782 244
2689;805 304
2695;827 311
2696;820 297
2697;815 280
2700;799 242
2699;798 251
2701;787 224
2704;820 310
2708;830 294
2709;830 308
2776;91 1101
2791;105 1113
2792;123 1102
2775;83 1117
2793;102 1095
2777;66 1098
2794;76 1092
2768;66 1112
2773;46 1141
2786;61 1142
2785;77 1133
2787;62 1151
2805;72 1147
2772;54 1135
2806;99 1139
2820;112 1133
2788;80 1142
2804;91 1138
2789;93 1135
2807;118 1132
2767;47 1125
2774;68 1132
2769;44 1107
2770;27 1122
2771;32 1135
2778;51 1090
2779;39 1092
2780;24 1098
2781;22 1107
2782;15 1126
2783;37 1123
2784;57 1128
2790;88 1130
2795;57 1087
2796;36 1090
2797;40 1099
2798;35 1112
2799;16 1117
2800;59 1110
2801;75 1120
2802;96 1118
2803;104 1127
2808;106 1126
2809;126 1119
2812;130 1095
2813;120 1095
2814;106 1099
2815;79 1097
2816;56 1095
2817;91 1107
2821;132 1130
2888;786 959
2896;778 970
2912;778 992
2895;786 980
2913;772 984
2897;766 955
2906;801 982
2926;785 972
2905;801 963
2907;821 989
2925;791 960
2927;784 993
2892;817 973
2928;798 1005
2929;817 997
2940;777 953
2942;772 977
2887;799 961
2890;801 950
2891;820 964
2893;812 980
2894;798 986
2898;779 939
2902;805 939
2903;821 952
2904;806 953
2908;814 1002
2909;807 1012
2910;792 1010
2911;793 1000
2915;748 970
2916;747 949
2914;760 981
2922;798 936
2923;815 937
2924;788 941
2930;792 1023
2932;777 1005
2931;775 1009
2933;766 1001
2934;750 1002
2935;742 990
2936;733 988
2937;737 968
2938;742 961
2939;761 954
2943;771 1001
2944;780 1015
2945;768 1019
2946;760 1014
2947;756 993
2948;739 982
2949;756 974
3008;387 1190
3016;384 1172
3032;364 1176
3015;373 1189
3033;376 1165
3025;394 1232
3026;374 1223
3027;362 1242
3046;385 1203
3045;392 1218
3047;381 1201
3012;378 1239
3048;366 1217
3049;359 1233
3062;403 1196
3063;394 1180
3007;380 1218
3009;399 1214
3010;388 1235
3011;375 1243
3013;366 1228
3014;368 1208
3018;401 1185
3022;403 1240
3019;413 1201
3020;414 1224
3021;409 1237
3023;390 1255
3024;396 1241
3028;354 1225
3029;349 1218
3030;349 1199
3031;355 1194
3034;383 1152
3038;414 1178
3039;420 1204
3040;423 1228
3041;419 1235
3042;410 1242
3043;405 1256
3044;409 1218
3050;358 1207
3051;365 1186
3052;355 1178
3053;371 1167
3054;391 1161
3059;408 1170
3060;418 1188
3061;420 1213
3064;388 1181
3065;373 1199
3066;380 1183
3067;390 1170
3135;1151 72
3153;1162 74
3137;1141 116
3128;1138 89
3146;1151 54
3147;1130 43
3167;1136 43
3132;1158 76
3133;1147 60
3145;1141 65
3148;1125 35
3166;1136 39
3181;1141 28
3165;1137 50
3168;1137 19
3127;1152 84
3129;1149 114
3130;1165 101
3131;1173 86
3134;1135 60
3140;1162 133
3141;1169 118
3142;1182 100
3143;1161 100
3144;1151 90
3149;1139 35
3150;1149 47
3151;1162 48
3152;1165 54
3160;1160 120
3161;1178 116
3163;1144 89
3164;1132 72
3169;1154 15
3170;1155 27
3171;1169 34
3172;1171 47
3173;1180 57
3174;1185 65
3175;1171 79
3176;1163 69
3177;1150 69
3180;1155 42
3182;1160 18
3183;1176 20
3184;1178 31
3185;1183 37
3186;1188 47
3187;1172 57
3188;1168 49
3189;1170 29
3256;1325 101
3272;1320 121
3255;1307 118
3273;1342 111
3257;1339 94
3274;1333 89
3275;1321 79
3276;1340 83
3248;1314 105
3253;1288 113
3266;1269 116
3267;1270 127
3252;1285 101
3247;1306 101
3254;1285 124
3249;1331 82
3250;1324 87
3251;1304 84
3258;1352 79
3259;1349 63
3260;1336 57
3261;1341 72
3262;1319 69
3263;1302 78
3264;1284 95
3270;1288 132
3271;1304 130
3277;1341 65
3278;1339 46
3279;1318 53
3280;1314 59
3281;1324 64
3282;1302 74
3283;1282 97
3284;1277 111
3290;1286 143
3291;1297 140
3292;1318 137
3293;1341 126
3294;1333 116
3295;1326 110
3296;1331 98
3297;1314 99
3298;1297 94
3299;1323 58
3300;1292 117
3304;1295 147
3305;1312 131
3306;1330 125
3307;1311 121
3308;1316 109
3309;1298 132
3376;731 600
3395;728 608
3368;756 607
3392;719 587
3375;738 593
3393;705 586
3377;755 619
3394;707 594
3386;737 557
3858;711 543
3861;725 537
3847;722 522
3385;767 589
3848;710 526
3387;725 557
3850;729 530
3407;750 584
3372;754 578
3408;729 576
3409;716 560
3406;764 591
3410;712 547
3857;707 535
3421;767 611
3367;761 598
3369;783 625
3370;779 605
3371;775 587
3373;746 572
3374;739 584
3378;770 622
3379;791 638
3380;809 651
3382;796 622
3383;792 600
3384;778 608
3388;734 561
3389;720 567
3390;713 573
3391;722 580
3396;735 621
3397;757 629
3399;779 635
3404;800 621
3877;696 540
3878;699 545
3411;697 561
3412;689 570
3413;702 575
3414;686 584
3415;691 597
3416;702 606
3417;712 615
3418;723 608
3419;745 615
3420;759 618
3423;740 599
3424;713 585
3425;705 571
3879;689 535
3880;691 531
3881;703 530
3426;690 575
3427;696 585
3428;715 597
3429;738 607
3488;161 1223
3496;135 1233
3511;128 1253
3512;115 1256
3495;147 1242
3513;111 1243
3497;157 1212
3514;117 1228
3515;142 1213
3505;163 1231
3506;170 1245
3507;156 1261
3527;154 1251
3492;179 1220
3493;166 1240
3526;145 1254
3508;145 1268
3525;140 1239
3543;127 1261
3528;133 1275
3487;171 1224
3490;186 1207
3491;186 1214
3494;153 1246
3498;172 1197
3502;194 1200
3504;183 1207
3509;137 1269
3510;139 1261
3516;155 1198
3517;182 1186
3523;176 1209
3524;153 1220
3529;116 1277
3530;124 1275
3531;96 1274
3532;97 1261
3533;100 1242
3536;124 1219
3534;95 1235
3535;105 1227
3537;144 1210
3538;170 1194
3540;165 1206
3541;136 1224
3542;119 1245
3544;107 1265
3545;101 1255
3546;89 1257
3547;88 1247
3548;108 1238
3549;121 1223
3616;1267 1119
3631;1280 1119
3632;1257 1124
3615;1290 1124
3617;1277 1139
3635;1255 1131
3608;1293 1129
3626;1296 1103
3627;1311 1094
3647;1293 1085
3612;1293 1117
3613;1313 1114
3625;1273 1097
3628;1300 1086
3646;1277 1078
3662;1265 1075
3648;1287 1081
3607;1310 1130
3609;1298 1147
3610;1319 1143
3611;1305 1132
3614;1305 1111
3618;1285 1159
3619;1290 1168
3620;1293 1160
3621;1310 1160
3622;1307 1141
3623;1287 1133
3624;1278 1115
3629;1297 1098
3630;1299 1120
3636;1265 1151
3637;1270 1156
3638;1275 1164
3639;1274 1148
3640;1280 1144
3641;1298 1152
3642;1262 1125
3643;1260 1106
3649;1276 1093
3650;1287 1111
3651;1269 1110
3652;1250 1107
3653;1240 1124
3654;1234 1128
3659;1252 1137
3660;1259 1148
3663;1256 1083
3664;1256 1100
3736;499 914
3751;482 927
3752;473 908
3735;503 925
3753;481 908
3737;526 920
3754;510 898
3755;516 916
3728;522 913
3733;514 894
3746;508 886
3745;510 875
3747;494 892
3767;493 876
3732;532 888
3766;483 875
3768;470 888
3748;483 891
3765;485 870
3782;464 874
3727;528 900
3734;501 904
3730;547 899
3731;545 893
3738;540 928
3742;560 892
3744;535 878
3749;476 901
3750;485 917
3756;529 928
3757;544 918
3763;524 884
3764;503 876
3769;459 895
3770;466 919
3771;452 897
3772;457 908
3773;455 920
3774;463 912
3775;485 901
3776;482 895
3777;489 888
3778;518 888
3779;533 905
3780;551 902
3781;467 884
3783;447 884
3784;443 886
3785;440 893
3786;441 903
3787;447 904
3788;465 899
3789;462 892
3856;682 512
3875;663 509
3876;685 528
3872;674 494
3855;691 505
3873;664 485
3874;656 496
3865;683 481
3866;700 484
3867;711 483
3887;695 466
3852;702 502
3853;718 498
3886;682 465
3868;698 475
3885;667 464
3888;686 456
3904;670 449
3851;714 511
3854;706 499
3862;714 518
3863;693 514
3864;684 499
3869;690 473
3870;692 483
3871;678 485
3882;674 516
3883;671 500
3884;667 481
3889;675 457
3890;680 468
3891;665 473
3892;658 459
3893;648 465
3894;644 477
3895;634 482
3896;643 494
3897;640 496
3898;654 503
3899;673 522
3900;681 531
3901;660 500
3902;650 479
3903;650 456
3905;657 444
3906;639 447
3907;632 465
3908;625 482
3909;636 486
3968;958 244
3976;966 213
3992;956 193
3975;951 216
3993;962 183
3977;973 240
3994;970 189
3995;984 202
3996;984 226
3985;969 257
3986;960 261
3987;951 241
4008;963 240
3973;950 261
4006;970 226
4005;981 242
4007;962 227
4023;984 220
4024;972 199
4025;961 202
3969;968 271
3974;947 238
3978;984 253
3979;987 267
3980;982 288
3988;952 223
3989;949 208
3990;943 211
3991;947 191
3997;995 237
3998;1002 256
3999;996 271
4000;997 283
4004;983 265
4009;956 204
4010;956 184
4011;939 187
4012;947 171
4013;957 162
4014;971 163
4015;973 167
4016;987 178
4017;999 195
4018;995 218
4019;990 243
4020;992 252
4021;997 264
4022;988 250
4026;965 178
4027;970 173
4028;980 191
4029;992 214
1;808 729
3;821 708
4;804 707
5;787 711
6;793 729
7;794 753
8;814 756
12;842 662
13;831 690
14;813 693
15;795 691
16;773 700
17;761 714
18;775 719
22;790 779
23;802 779
24;791 810
25;791 854
26;759 834
29;828 672
32;819 677
30;811 688
31;809 679
33;782 704
34;761 702
35;748 710
36;739 727
43;777 823
44;762 829
45;754 835
46;733 847
47;749 807
48;727 766
49;753 735
50;794 718
51;756 711
52;736 721
53;715 738
57;751 807
58;738 808
59;739 814
60;730 810
61;726 792
62;720 770
63;732 792
303;498 797
304;483 794
305;516 808
306;543 829
307;512 822
308;510 834
309;482 814
1263;1006 484
1264;1029 497
1265;1047 498
1266;1045 505
1267;1031 514
1268;1008 507
1269;1013 502
